/films/comedy/36176-dublersha-2020.html;Дублерша 
/films/horror/36905-smertelnyy-dekabr-2019.html;Смертельный декабрь 
/films/drama/36330-chelovek-iz-podolska-2020.html;Человек из Подольска 
/films/documentary/36348-poceluy-zemli-2020.html;Поцелуй Земли 
/films/drama/33567-na-ostrie-2020.html;На острие 
/films/horror/36906-zlye-multiki-1992.html;Злые мультики 
/films/drama/36293-fragmenty-zhenschiny-2020.html;Фрагменты женщины 
/films/drama/35945-nochnoy-konvoy-2020.html;Ночной конвой 
/films/adventures/36896-zhenschiny-kannibaly-v-smertelnyh-dzhunglyah-avokado-1989.html;Женщины-каннибалы в смертельных джунглях авокадо 
/films/detective/36877-agata-i-smert-x-2020.html;Агата и смерть X / Агата и полуночные убийства 
/films/horror/36490-vozdushnyy-boy-2020.html;Воздушный бой / Тень в облаках 
/films/comedy/36870-amerikanskiy-pirog-predstavlyaet-pravila-dlya-devochek-2020.html;Американский пирог представляет: Правила для девочек 
/films/thriller/36765-veronika-2017.html;Вероника 
/films/comedy/36232-neadekvatnye-lyudi-2-2020.html;Неадекватные люди 2 
/films/drama/34420-raskrashennaya-ptica-2019.html;Раскрашенная птица 
/films/thriller/36863-temnaya-gavan-2019.html;Темная гавань 
/films/fantasy/35986-piter-pen-i-alisa-v-strane-chudes-2020.html;Питер Пэн и Алиса в стране чудес 
/films/action/36826-klub-kastet-2020.html;Клуб «Кастет» 
/films/drama/36853-lunolet-surikat-2017.html;Лунолет Сурикат 
/films/drama/34415-shirli-2020.html;Ширли 
/films/comedy/36825-dengi-ne-pahnut-2019.html;Деньги не пахнут 
/films/comedy/36723-2020-tebe-konec-2020.html;2020, тебе конец! 
/films/action/36794-mazhor-film-2021.html;Мажор. Фильм 
/films/drama/36820-prestupit-chertu-2020.html;Преступить черту 
/films/comedy/36494-ostorozhno-kenguru-2020.html;Осторожно, Кенгуру! 
/films/action/36839-uskorenie-2019.html;Ускорение 
/films/drama/36173-chto-my-hoteli-2020.html;Что мы хотели 
/films/comedy/36327-vecher-shutov-ili-serezno-s-privetom-2020.html;Вечер шутов, или Серьезно с приветом 
/films/comedy/36838-povar-vor-2004.html;Повар-вор 
/films/drama/36836-nichya-zemlya-1987.html;Ничья земля 
/films/horror/35205-vdova-2020.html;Вдова 
/films/horror/36142-omen-nasledie-2019.html;Омен. Наследие 
/films/comedy/36833-napugay-menya-2020.html;Напугай меня 
/films/melodrama/36345-kometa-galleya-2020.html;Комета Галлея 
/films/comedy/36427-samyy-novyy-god-2020.html;Самый Новый год! 
/films/action/36814-vanganskaya-polnoch-2009.html;Ванганская полночь 
/films/comedy/36176-dublersha-2020.html;Дублерша 
/films/horror/36905-smertelnyy-dekabr-2019.html;Смертельный декабрь 
/films/drama/36330-chelovek-iz-podolska-2020.html;Человек из Подольска 
/films/documentary/36348-poceluy-zemli-2020.html;Поцелуй Земли 
/films/drama/33567-na-ostrie-2020.html;На острие 
/films/horror/36906-zlye-multiki-1992.html;Злые мультики 
/films/drama/36293-fragmenty-zhenschiny-2020.html;Фрагменты женщины 
/films/drama/35945-nochnoy-konvoy-2020.html;Ночной конвой 
/films/adventures/36896-zhenschiny-kannibaly-v-smertelnyh-dzhunglyah-avokado-1989.html;Женщины-каннибалы в смертельных джунглях авокадо 
/films/detective/36877-agata-i-smert-x-2020.html;Агата и смерть X / Агата и полуночные убийства 
/films/horror/36490-vozdushnyy-boy-2020.html;Воздушный бой / Тень в облаках 
/films/comedy/36870-amerikanskiy-pirog-predstavlyaet-pravila-dlya-devochek-2020.html;Американский пирог представляет: Правила для девочек 
/films/thriller/36765-veronika-2017.html;Вероника 
/films/comedy/36232-neadekvatnye-lyudi-2-2020.html;Неадекватные люди 2 
/films/drama/34420-raskrashennaya-ptica-2019.html;Раскрашенная птица 
/films/thriller/36863-temnaya-gavan-2019.html;Темная гавань 
/films/fantasy/35986-piter-pen-i-alisa-v-strane-chudes-2020.html;Питер Пэн и Алиса в стране чудес 
/films/action/36826-klub-kastet-2020.html;Клуб «Кастет» 
/films/drama/36853-lunolet-surikat-2017.html;Лунолет Сурикат 
/films/drama/34415-shirli-2020.html;Ширли 
/films/comedy/36825-dengi-ne-pahnut-2019.html;Деньги не пахнут 
/films/comedy/36723-2020-tebe-konec-2020.html;2020, тебе конец! 
/films/action/36794-mazhor-film-2021.html;Мажор. Фильм 
/films/drama/36820-prestupit-chertu-2020.html;Преступить черту 
/films/comedy/36494-ostorozhno-kenguru-2020.html;Осторожно, Кенгуру! 
/films/action/36839-uskorenie-2019.html;Ускорение 
/films/drama/36173-chto-my-hoteli-2020.html;Что мы хотели 
/films/comedy/36327-vecher-shutov-ili-serezno-s-privetom-2020.html;Вечер шутов, или Серьезно с приветом 
/films/comedy/36838-povar-vor-2004.html;Повар-вор 
/films/drama/36836-nichya-zemlya-1987.html;Ничья земля 
/films/horror/35205-vdova-2020.html;Вдова 
/films/horror/36142-omen-nasledie-2019.html;Омен. Наследие 
/films/comedy/36833-napugay-menya-2020.html;Напугай меня 
/films/melodrama/36345-kometa-galleya-2020.html;Комета Галлея 
/films/comedy/36427-samyy-novyy-god-2020.html;Самый Новый год! 
/films/action/36814-vanganskaya-polnoch-2009.html;Ванганская полночь 
/films/comedy/36176-dublersha-2020.html;Дублерша 
/films/horror/36905-smertelnyy-dekabr-2019.html;Смертельный декабрь 
/films/drama/36330-chelovek-iz-podolska-2020.html;Человек из Подольска 
/films/documentary/36348-poceluy-zemli-2020.html;Поцелуй Земли 
/films/drama/33567-na-ostrie-2020.html;На острие 
/films/horror/36906-zlye-multiki-1992.html;Злые мультики 
/films/drama/36293-fragmenty-zhenschiny-2020.html;Фрагменты женщины 
/films/drama/35945-nochnoy-konvoy-2020.html;Ночной конвой 
/films/adventures/36896-zhenschiny-kannibaly-v-smertelnyh-dzhunglyah-avokado-1989.html;Женщины-каннибалы в смертельных джунглях авокадо 
/films/detective/36877-agata-i-smert-x-2020.html;Агата и смерть X / Агата и полуночные убийства 
/films/horror/36490-vozdushnyy-boy-2020.html;Воздушный бой / Тень в облаках 
/films/comedy/36870-amerikanskiy-pirog-predstavlyaet-pravila-dlya-devochek-2020.html;Американский пирог представляет: Правила для девочек 
/films/thriller/36765-veronika-2017.html;Вероника 
/films/comedy/36232-neadekvatnye-lyudi-2-2020.html;Неадекватные люди 2 
/films/drama/34420-raskrashennaya-ptica-2019.html;Раскрашенная птица 
/films/thriller/36863-temnaya-gavan-2019.html;Темная гавань 
/films/fantasy/35986-piter-pen-i-alisa-v-strane-chudes-2020.html;Питер Пэн и Алиса в стране чудес 
/films/action/36826-klub-kastet-2020.html;Клуб «Кастет» 
/films/drama/36853-lunolet-surikat-2017.html;Лунолет Сурикат 
/films/drama/34415-shirli-2020.html;Ширли 
/films/comedy/36825-dengi-ne-pahnut-2019.html;Деньги не пахнут 
/films/comedy/36723-2020-tebe-konec-2020.html;2020, тебе конец! 
/films/action/36794-mazhor-film-2021.html;Мажор. Фильм 
/films/drama/36820-prestupit-chertu-2020.html;Преступить черту 
/films/comedy/36494-ostorozhno-kenguru-2020.html;Осторожно, Кенгуру! 
/films/action/36839-uskorenie-2019.html;Ускорение 
/films/drama/36173-chto-my-hoteli-2020.html;Что мы хотели 
/films/comedy/36327-vecher-shutov-ili-serezno-s-privetom-2020.html;Вечер шутов, или Серьезно с приветом 
/films/comedy/36838-povar-vor-2004.html;Повар-вор 
/films/drama/36836-nichya-zemlya-1987.html;Ничья земля 
/films/horror/35205-vdova-2020.html;Вдова 
/films/horror/36142-omen-nasledie-2019.html;Омен. Наследие 
/films/comedy/36833-napugay-menya-2020.html;Напугай меня 
/films/melodrama/36345-kometa-galleya-2020.html;Комета Галлея 
/films/comedy/36427-samyy-novyy-god-2020.html;Самый Новый год! 
/films/action/36814-vanganskaya-polnoch-2009.html;Ванганская полночь 
/films/action/36805-vnezapnaya-smert-2-2020.html;Внезапная смерть 2 
/films/comedy/36803-s-novym-2019.html;С Новым! 
/films/drama/36395-poslednyaya-smena-2020.html;Последняя смена 
/films/drama/36748-malenkaya-strana-2020.html;Маленькая страна 
/films/action/35263-forsazh-diablo-2019.html;Форсаж. Диабло 
/films/adventures/36497-barany-2020.html;Бараны 
/films/thriller/36294-ptica-v-kletke-2020.html;Птица в клетке. Заражение / Певчая птица 
/films/comedy/36792-noch-odinokogo-filina-2012.html;Ночь одинокого филина 
/films/fiction/36785-vysshaya-forma-2018.html;Высшая форма 
/films/comedy/36787-nazad-k-schastyu-ili-kto-naydet-sinyuyu-pticu-2012.html;Назад — к счастью, или Кто найдет Синюю птицу 
/films/adventures/36786-emma-i-yulemanden-ohota-za-serdcem-korolevy-elfov-2015.html;Эмма и Юлеманден: Охота за сердцем Королевы Эльфов 
/films/action/36790-ispolnitel-prigovora-1992.html;Исполнитель приговора 
/films/action/35269-chudo-zhenschina-1984-2020.html;Чудо-женщина: 1984 
/films/horror/33547-rassvet-2019.html;Рассвет / Проклятие монахини Роуз 
/films/comedy/36779-32-dekabrya-2004.html;32 декабря 
/films/comedy/36777-pisma-satane-klausu-2020.html;Письма Сатане Клаусу 
/films/fantasy/36445-my-mozhem-stat-geroyami-2020.html;Мы можем стать героями 
/films/comedy/36769-klub-holostyakov-2020.html;Клуб холостяков 
/films/horror/36768-dyadya-dyatel-2020.html;Дядя Дятел 
/films/drama/36763-utopiya-2015.html;Утопия 
/films/drama/35264-esche-po-odnoy-2020.html;Ещё по одной 
/films/drama/35715-doktor-liza-2020.html;Доктор Лиза 
/films/fiction/36128-polnochnoe-nebo-2020.html;Полночное небо 
/films/fiction/36646-blizkie-kontakty-2020.html;Близкие контакты 
/films/comedy/36726-pervyy-rebenok-strany-1996.html;Первый ребенок страны 
/films/horror/36725-prizraki-2018.html;Призраки 
/films/action/36724-grom-yurskogo-perioda-2019.html;Гром юрского периода 
/films/drama/36720-kniga-daniila-2013.html;Книга Даниила 
/films/drama/36715-vetka-sireni-2007.html;Ветка сирени 
/films/drama/36713-evgeniy-grishkovec-planeta-2005.html;Евгений Гришковец: Планета 
/films/melodrama/36712-dostavit-k-rozhdestvu-2020.html;Доставить к Рождеству 
/films/drama/34292-arkanzas-2020.html;Арканзас / Криминальные боссы 
/films/action/35765-avangard-arkticheskie-volki-2020.html;Авангард: Арктические волки 
/films/comedy/36677-zhanym-ty-ne-poverish-2020.html;Жаным, ты не поверишь! 
/films/action/36697-podvig-2020.html;Подвиг 
/films/thriller/34260-opasnaya-lozh-2020.html;Опасная ложь 
/films/drama/36695-skotnyy-dvor-1999.html;Скотный двор 
/films/drama/36691-moe-neobychnoe-leto-2018.html;Мое необычное лето 
/films/comedy/36690-ne-hochu-zhenitsya-1993.html;Не хочу жениться! 
/films/drama/36685-ya-svoboden-ya-nichey-1994.html;Я свободен, я ничей 
/films/drama/36683-tri-chetverti-luny-2011.html;Три четверти луны 
/films/drama/36682-na-svete-zhivut-dobrye-i-horoshie-lyudi-2010.html;На свете живут добрые и хорошие люди 
/films/drama/36679-chernyy-chernyy-chelovek-2019.html;Черный, черный человек 
/films/drama/36675-pereval-kassandry-1976.html;Перевал Кассандры 
/films/drama/36650-koshka-naprokat-2012.html;Кошка напрокат 
/films/military/35443-vosem-soten-2020.html;Восемь сотен 
/films/melodrama/36645-travesti-2006.html;Травести 
/films/drama/36640-ugnat-i-prodat-2020.html;Угнать и продать 
/films/drama/36262-pust-govoryat-2020.html;Пусть говорят 
/films/thriller/35199-pobochnyy-effekt-2020.html;Побочный эффект 
/films/thriller/35848-smertelnye-illyuzii-2020.html;Смертельные иллюзии 
/films/melodrama/36228-samyy-schastlivyy-sezon-2020.html;Самый счастливый сезон 
/films/thriller/35416-kolskaya-sverhglubokaya-2020.html;Кольская сверхглубокая 
/films/drama/36618-atlantida-2019.html;Атлантида 
/films/drama/36600-sobytie-2009.html;Событие 
/films/drama/36599-deti-chugunnyh-bogov-1993.html;Дети чугунных богов 
/films/drama/36597-prigovor-2008.html;Приговор 
/films/melodrama/36596-dorogaya-podruga-2019.html;Дорогая подруга 
/films/melodrama/36594-ehali-dva-shofera-2002.html;Ехали два шофера 
/films/drama/36586-yavlenie-2020.html;Явление 
/films/drama/36585-evgeniy-grishkovec-titanik-2006.html;Евгений Гришковец: Титаник 
/films/fiction/36002-spontannost-2020.html;Спонтанность 
/films/drama/36391-goluboy-okean-2019.html;Голубой океан 
/films/horror/36579-amerikanskie-koshmary-2018.html;Американские кошмары 
/films/musical/36578-zvezda-i-smert-hoakina-murety-1982.html;Звезда и смерть Хоакина Мурьеты 
/films/drama/36577-severnoe-siyanie-tayna-ognennyh-run-film-devyatyy-2020.html;Северное Сияние. Тайна огненных рун. Фильм девятый 
/films/thriller/36576-gorodskie-mify-2017.html;Городские мифы 
/films/drama/36574-chervonnyy-2017.html;Червонный 
/films/adventures/36573-piraty-karibskogo-morya-istorii-kodeksa-zamuzhestvo-2011.html;Пираты Карибского моря. Истории Кодекса: Замужество 
/films/drama/36572-nayti-i-polyubit-2018.html;Найти... и полюбить 
/films/horror/36570-chas-dyavola-2019.html;Час дьявола 
/films/drama/36569-s-dnem-rozhdeniya-2019.html;С днём рождения 
/films/military/36568-zhazhda-2011.html;Жажда 
/films/thriller/36567-slepaya-2020.html;Слепая 
/films/drama/36566-konferenciya-2020.html;Конференция 
/films/comedy/36144-neposredstvenno-kaha-2020.html;Непосредственно Каха! 
/films/drama/36565-tayny-kotorye-my-hranim-2020.html;Тайны, которые мы храним 
/films/comedy/36564-voyna-nevestok-2020.html;Война невесток 
/films/drama/36563-8-kusochkov-2019.html;8 кусочков 
/films/drama/36562-zhestkoe-proshloe-2019.html;Жесткое прошлое 
/films/adventures/36561-zemnaya-storona-luny-2019.html;Земная сторона Луны 
/films/comedy/36560-blyubarella-supervumen-2010.html;Блюбарелла: Супервумен 
/films/action/36559-na-poslednem-dyhanii-1983.html;На последнем дыхании 
/films/drama/36558-oh-uzh-etot-ded-1968.html;Ох, уж этот дед! 
/films/comedy/36557-iskrenne-vash-1985.html;Искренне ваш... 
/films/drama/33753-trudnosti-adaptacii-2019.html;Трудности адаптации 
/films/drama/36549-lager-bezhencev-2020.html;Лагерь беженцев 
/films/drama/35650-chernyy-drozd-2019.html;Чёрный дрозд 
/films/drama/34809-365-dney-2020.html;365 дней 
/films/drama/36548-severnoe-siyanie-drevo-kolduna-film-vosmoy-2020.html;Северное сияние. Древо колдуна. Фильм восьмой 
/films/detective/36546-ohotnica-2020.html;Охотница 
/films/drama/36545-menya-zovut-arlekino-1988.html;Меня зовут Арлекино 
/films/comedy/36544-armeyskie-priklyucheniya-1994.html;Армейские приключения / Два идиота в Американской армии 
/films/comedy/35286-ne-vse-doma-2020.html;Не все дома 
/films/drama/35653-glorii-2020.html;Глории 
/films/fantasy/35943-papina-dochka-2020.html;Папина дочка 
/films/melodrama/36537-v-polnoch-v-magnolii-2020.html;В полночь в Магнолии 
/films/comedy/36535-filin-i-koshechka-1970.html;Филин и кошечка 
/films/thriller/36533-plyazhnyy-domik-2018.html;Пляжный домик 
/films/comedy/35714-handra-2019.html;Хандра 
/films/melodrama/36526-s-novym-godom-2019.html;С Новым годом! 
/films/musical/36082-vypusknoy-2020.html;Выпускной 
/films/military/36140-podolskie-kursanty-2020.html;Подольские курсанты 
/films/action/36305-izbavi-nas-ot-lukavogo-2020.html;Избави нас от лукавого 
/films/comedy/36508-dekretnyy-otryv-2020.html;Декретный отрыв 
/films/drama/36390-stendap-po-druzhbe-2019.html;Стендап по дружбе 
/films/drama/36506-ubiyca-klana-inugami-2006.html;Убийца клана Инугами 
/films/drama/36502-mayak-2006.html;Маяк 
/films/comedy/36325-viktoriya-2020.html;Виктория 
/films/thriller/36448-zvonok-iz-proshlogo-2020.html;Звонок из прошлого 
/films/melodrama/36484-dva-silueta-na-zakate-solnca-2020.html;Два силуэта на закате солнца 
/films/drama/36204-neveroyatnaya-istoriya-ostrova-roz-2020.html;Невероятная история Острова роз 
/films/drama/36478-podchinenie-2017.html;Подчинение 
/films/comedy/36389-ograblenie-s-ogranicheniyami-2019.html;Ограбление с ограничениями 
/films/action/35260-chestnyy-vor-2020.html;Честный вор 
/films/action/36474-velikolepnyy-myasnik-1979.html;Великолепный мясник 
/films/detective/36469-uonder-2020.html;Уондер 
/films/drama/36467-otel-zhelanie-2011.html;Отель Желание 
/films/drama/36464-turki-idut-mech-spravedlivosti-2019.html;Турки идут. Меч справедливости 
/films/documentary/36461-mariya-do-kallas-2017.html;Мария до Каллас 
/films/thriller/36347-glubokoe-pogruzhenie-2020.html;Глубокое погружение 
/films/comedy/35940-paradoksy-2020.html;Парадоксы 
/films/drama/36455-bumazhnyy-soldat-2008.html;Бумажный солдат 
/films/thriller/36453-glumlenie-1993.html;Глумление 
/films/horror/36423-vse-radi-dzheksona-2020.html;Всё ради Джексона 
/films/action/36388-agent-roza-mishen-killera-2019.html;Агент Роза: Мишень киллера 
/films/horror/35670-dich-2020.html;Дичь 
/films/documentary/36441-smertelnyy-ulov-legenda-sudna-korneliya-mari-2015.html;Смертельный улов: Легенда судна «Корнелия Мари» 
/films/documentary/36440-smertelnyy-ulov-legenda-sudna-severo-zapad-2014.html;Смертельный улов: Легенда судна «Северо-Запад» 
/films/comedy/36438-vi-eych-es-2019.html;Ви-Эйч-Эс 
/films/horror/36436-superstrannye-dela-2019.html;Суперстранные дела 
/films/drama/36072-mank-2020.html;Манк 
/films/thriller/36386-cepnoy-pes-2020.html;Цепной пес 
/films/action/36418-prinesite-mne-golovu-pulemetchicy-2012.html;Принесите мне голову пулемётчицы 
/films/documentary/36416-posle-leta-2018.html;После Лета 
/films/drama/36415-bez-sna-2018.html;Без сна 
/films/action/35482-malyshka-s-harakterom-2020.html;Малышка с характером 
/films/drama/36145-strana-grez-2019.html;Страна грёз 
/films/melodrama/36324-pust-idet-sneg-2019.html;Пусть идёт снег 
/films/fantasy/35999-koldovstvo-novyy-ritual-2020.html;Колдовство: Новый ритуал 
/films/drama/36409-evgeniy-grishkovec-predislovie-2020.html;Евгений Гришковец: Предисловие 
/films/melodrama/36405-o-lyubvi-2003.html;О любви 
/films/comedy/35838-glubzhe-2020.html;Глубже! 
/films/fiction/36283-moy-dedushka-inoplanetyanin-2019.html;Мой дедушка — инопланетянин 
